{"cameraMode":{"drawMode":0,"name":"Shaded","section":"Shading Mode"},"sceneLighting":true,"audioPlay":false,"sceneViewState":{"m_AlwaysRefresh":false,"showFog":true,"showSkybox":true,"showFlares":true,"showImageEffects":true,"showParticleSystems":true,"showVisualEffectGraphs":true,"m_FxEnabled":true},"in2DMode":false,"pivot":{"x":-0.027712583541870118,"y":0.028609152883291246,"z":-0.0022407472133636476},"rotation":{"x":0.12999916076660157,"y":0.04460253193974495,"z":-0.0058531370013952259,"w":0.9905004501342773},"size":0.7098227143287659,"orthographic":true}